-- Inserção de dados na tabela TB_USUARIO
INSERT INTO TB_USUARIO (ID, NOME, LOGIN, SENHA, EMAIL) VALUES (1, 'Pedro', 'pep', '1234', 'pep@gmail.com');
INSERT INTO TB_USUARIO (ID, NOME, LOGIN, SENHA, EMAIL) VALUES (2, 'Maria', 'maria123', 'senha123', 'maria@gmail.com');
INSERT INTO TB_USUARIO (ID, NOME, LOGIN, SENHA, EMAIL) VALUES (3, 'João', 'joao456', 'senha456', 'joao@gmail.com');
INSERT INTO TB_USUARIO (ID, NOME, LOGIN, SENHA, EMAIL) VALUES (4, 'Ana', 'ana789', 'senha789', 'ana@gmail.com');
INSERT INTO TB_USUARIO (ID, NOME, LOGIN, SENHA, EMAIL) VALUES (5, 'Carlos', 'carlos01', 'senha01', 'carlos@gmail.com');

ALTER SEQUENCE TB_USUARIO_ID_SEQ RESTART WITH 6;

-- Inserção de dados na tabela TB_PERFIL
INSERT INTO TB_PERFIL (ID, DESCRICAO) VALUES (1, 'Administrador');
INSERT INTO TB_PERFIL (ID, DESCRICAO) VALUES (2, 'Gerente');
INSERT INTO TB_PERFIL (ID, DESCRICAO) VALUES (3, 'Cliente');
INSERT INTO TB_PERFIL (ID, DESCRICAO) VALUES (4, 'Suporte');
INSERT INTO TB_PERFIL (ID, DESCRICAO) VALUES (5, 'Desenvolvedor');

ALTER SEQUENCE TB_PERFIL_SEQ RESTART WITH 6;

-- Inserção de dados na tabela TB_RECURSO
INSERT INTO TB_RECURSO (ID, NOME, CHAVE) VALUES (1, 'Tela Usuário', 'usuario');
INSERT INTO TB_RECURSO (ID, NOME, CHAVE) VALUES (2, 'Tela Perfil', 'perfil');
INSERT INTO TB_RECURSO (ID, NOME, CHAVE) VALUES (3, 'Tela Recurso', 'recurso');
INSERT INTO TB_RECURSO (ID, NOME, CHAVE) VALUES (4, 'Tela Relatórios', 'relatorios');
INSERT INTO TB_RECURSO (ID, NOME, CHAVE) VALUES (5, 'Tela Configurações', 'configuracoes');

ALTER SEQUENCE TB_RECURSO_SEQ RESTART WITH 6;

-- Inserção de dados na tabela TB_PERFIL_USUARIO
INSERT INTO TB_PERFIL_USUARIO (ID, ID_USUARIO, ID_PERFIL) VALUES (1, 1, 1); -- Pedro como Administrador
INSERT INTO TB_PERFIL_USUARIO (ID, ID_USUARIO, ID_PERFIL) VALUES (2, 2, 2); -- Maria como Gerente
INSERT INTO TB_PERFIL_USUARIO (ID, ID_USUARIO, ID_PERFIL) VALUES (3, 3, 3); -- João como Cliente
INSERT INTO TB_PERFIL_USUARIO (ID, ID_USUARIO, ID_PERFIL) VALUES (4, 4, 4); -- Ana como Suporte
INSERT INTO TB_PERFIL_USUARIO (ID, ID_USUARIO, ID_PERFIL) VALUES (5, 5, 5); -- Carlos como Desenvolvedor

ALTER SEQUENCE TB_PERFIL_USUARIO_SEQ RESTART WITH 6;


-- Inserção de dados na tabela TB_PERMISSAO_PERFIL_RECURSO
INSERT INTO TB_PERMISSAO_PERFIL_RECURSO (ID, ID_PERFIL, ID_RECURSO) VALUES (1, 1, 1); -- Administrador -> Tela Usuário
INSERT INTO TB_PERMISSAO_PERFIL_RECURSO (ID, ID_PERFIL, ID_RECURSO) VALUES (2, 1, 2); -- Administrador -> Tela Perfil
INSERT INTO TB_PERMISSAO_PERFIL_RECURSO (ID, ID_PERFIL, ID_RECURSO) VALUES (3, 1, 3); -- Administrador -> Tela Recurso
INSERT INTO TB_PERMISSAO_PERFIL_RECURSO (ID, ID_PERFIL, ID_RECURSO) VALUES (4, 2, 1); -- Gerente -> Tela Usuário
INSERT INTO TB_PERMISSAO_PERFIL_RECURSO (ID, ID_PERFIL, ID_RECURSO) VALUES (5, 2, 4); -- Gerente -> Tela Relatórios
INSERT INTO TB_PERMISSAO_PERFIL_RECURSO (ID, ID_PERFIL, ID_RECURSO) VALUES (6, 3, 5); -- Cliente -> Tela Configurações
INSERT INTO TB_PERMISSAO_PERFIL_RECURSO (ID, ID_PERFIL, ID_RECURSO) VALUES (7, 4, 3); -- Suporte -> Tela Recurso
INSERT INTO TB_PERMISSAO_PERFIL_RECURSO (ID, ID_PERFIL, ID_RECURSO) VALUES (8, 5, 2); -- Desenvolvedor -> Tela Perfil
INSERT INTO TB_PERMISSAO_PERFIL_RECURSO (ID, ID_PERFIL, ID_RECURSO) VALUES (9, 5, 5); -- Desenvolvedor -> Tela Configurações

ALTER SEQUENCE TB_PERMISSAO_PERFIL_RECURSO_SEQ RESTART WITH 10;